{"cameraMode":{"drawMode":0,"name":"Shaded","section":"Shading Mode"},"sceneLighting":false,"audioPlay":false,"sceneViewState":{"m_AlwaysRefresh":false,"showFog":true,"showSkybox":false,"showFlares":true,"showImageEffects":true,"showParticleSystems":true,"showVisualEffectGraphs":true,"m_FxEnabled":true},"in2DMode":false,"pivot":{"x":0.8294481039047241,"y":3.376359701156616,"z":-5.238285064697266},"rotation":{"x":-0.28194379806518557,"y":0.06527845561504364,"z":-0.019248228520154954,"w":-0.9570288062095642},"size":0.000017320508050033823,"orthographic":false}